battery_id,cycle_number,voltage,current,temperature,capacity,SoH
B0005,1,3.8487,0.9585,28.29,1.8567,99.82
B0005,2,4.1562,0.9298,23.93,1.8533,99.64
B0005,3,4.1727,1.2302,22.8,1.85,99.46
B0005,4,3.8613,0.861,22.87,1.8466,99.28
B0005,5,3.7708,0.5,20.0,1.8433,99.1
B0005,6,3.5292,0.6962,26.87,1.8399,98.92
B0005,7,3.4251,0.5763,32.68,1.8366,98.74
B0005,8,3.6294,1.0203,20.0,1.8332,98.56
B0005,9,3.5334,1.0333,20.0,1.8299,98.38
B0005,10,3.8091,0.8198,24.04,1.8265,98.2
B0005,11,3.5155,1.5557,25.48,1.8232,98.02
B0005,12,3.3784,1.2468,20.0,1.8198,97.84
B0005,13,3.758,0.5,20.0,1.8165,97.66
B0005,14,3.754,1.2215,26.56,1.8131,97.48
B0005,15,3.6599,0.9097,20.0,1.8098,97.3
B0005,16,3.4783,0.8618,31.09,1.8064,97.12
B0005,17,3.797,0.5,27.47,1.8031,96.94
B0005,18,3.578,0.7969,28.96,1.7997,96.76
B0005,19,4.0025,1.2794,21.75,1.7964,96.58
B0005,20,3.6,1.0994,30.88,1.793,96.4
B0005,21,3.5487,0.9443,20.52,1.7897,96.22
B0005,22,3.3332,1.2438,32.88,1.7863,96.04
B0005,23,3.6701,1.3011,27.96,1.783,95.86
B0005,24,3.4978,1.1084,33.89,1.7796,95.68
B0005,25,3.6803,1.4694,20.0,1.7763,95.5
B0005,26,3.9372,1.0261,24.8,1.773,95.32
B0005,27,3.7178,0.5,25.25,1.7696,95.14
B0005,28,3.7971,1.4434,23.81,1.7663,94.96
B0005,29,3.447,0.8495,31.03,1.7629,94.78
B0005,30,3.7878,0.8411,29.07,1.7596,94.6
B0005,31,3.718,1.2906,23.04,1.7562,94.42
B0005,32,3.5902,0.8824,20.0,1.7529,94.24
B0005,33,3.777,1.0783,26.68,1.7495,94.06
B0005,34,3.6174,0.5754,24.6,1.7462,93.88
B0005,35,3.5846,0.7593,25.94,1.7428,93.7
B0005,36,3.8083,1.5659,27.67,1.7395,93.52
B0005,37,3.7639,0.9777,20.0,1.7361,93.34
B0005,38,3.6784,1.0181,39.22,1.7328,93.16
B0005,39,3.6283,1.0905,26.78,1.7294,92.98
B0005,40,3.335,1.3428,30.76,1.7261,92.8
B0005,41,3.9225,0.7272,34.06,1.7227,92.62
B0005,42,3.2643,1.1761,38.05,1.7194,92.44
B0005,43,3.3874,0.8301,27.65,1.716,92.26
B0005,44,3.5331,0.5348,27.54,1.7127,92.08
B0005,45,3.3651,1.1421,22.65,1.7093,91.9
B0005,46,4.1484,0.765,25.69,1.706,91.72
B0005,47,3.9271,0.6307,28.49,1.7026,91.54
B0005,48,4.0749,0.5178,28.32,1.6993,91.36
B0005,49,3.7603,1.2345,21.27,1.6959,91.18
B0005,50,3.2859,1.1566,28.98,1.6926,91.0
B0005,51,3.7568,1.1039,24.15,1.6893,90.82
B0005,52,3.751,1.0879,24.03,1.6859,90.64
B0005,53,4.2,1.1421,21.69,1.6826,90.46
B0005,54,3.8775,0.7076,31.64,1.6792,90.28
B0005,55,4.0278,0.7538,32.57,1.6759,90.1
B0005,56,3.8037,1.2466,37.28,1.6725,89.92
B0005,57,3.6059,0.7739,23.4,1.6692,89.74
B0005,58,3.4344,0.9769,29.61,1.6658,89.56
B0005,59,3.7618,1.2482,28.02,1.6625,89.38
B0005,60,4.1145,0.9206,41.6,1.6591,89.2
B0005,61,3.8657,0.7429,22.7,1.6558,89.02
B0005,62,3.8224,0.933,31.67,1.6524,88.84
B0005,63,3.8193,0.9782,23.92,1.6491,88.66
B0005,64,3.2225,0.866,32.48,1.6457,88.48
B0005,65,3.7408,0.6263,29.12,1.6424,88.3
B0005,66,3.7918,0.7348,29.07,1.639,88.12
B0005,67,3.6933,0.6571,30.14,1.6357,87.94
B0005,68,3.8438,1.3249,33.67,1.6323,87.76
B0005,69,3.2619,0.7187,31.03,1.629,87.58
B0005,70,3.8289,1.1545,47.76,1.6256,87.4
B0005,71,3.8457,1.3407,33.32,1.6223,87.22
B0005,72,3.8695,0.9054,32.39,1.6189,87.04
B0005,73,3.4419,0.929,26.22,1.6156,86.86
B0005,74,3.6979,1.6944,20.0,1.6122,86.68
B0005,75,3.8789,0.5162,26.39,1.6089,86.5
B0005,76,3.9993,1.0193,23.41,1.6056,86.32
B0005,77,3.4577,1.2039,25.2,1.6022,86.14
B0005,78,3.7369,1.0137,25.64,1.5989,85.96
B0005,79,4.2,1.1902,20.0,1.5955,85.78
B0005,80,3.7271,0.8015,33.26,1.5922,85.6
B0005,81,3.4331,0.9656,31.57,1.5888,85.42
B0005,82,3.9302,0.6399,27.43,1.5855,85.24
B0005,83,3.5276,0.804,37.98,1.5821,85.06
B0005,84,3.7913,0.6217,33.79,1.5788,84.88
B0005,85,4.2,1.3097,21.65,1.5754,84.7
B0005,86,3.5238,1.3801,25.76,1.5721,84.52
B0005,87,3.8018,1.2324,24.72,1.5687,84.34
B0005,88,3.6505,0.5,24.28,1.5654,84.16
B0005,89,3.5922,0.6257,37.61,1.562,83.98
B0005,90,3.2386,0.868,30.15,1.5587,83.8
B0005,91,4.0996,0.5692,35.37,1.5553,83.62
B0005,92,3.6699,0.7055,31.91,1.552,83.44
B0005,93,3.7262,0.8199,30.0,1.5486,83.26
B0005,94,3.5506,1.0341,33.01,1.5453,83.08
B0005,95,4.1416,0.6287,40.42,1.5419,82.9
B0005,96,3.0798,0.9545,32.74,1.5386,82.72
B0005,97,3.7494,0.8132,28.81,1.5352,82.54
B0005,98,3.5168,0.8232,34.15,1.5319,82.36
B0005,99,3.7715,0.7921,34.45,1.5285,82.18
B0005,100,3.7562,1.2439,33.15,1.5252,82.0
B0005,101,3.4149,0.8319,33.79,1.5219,81.82
B0005,102,3.8464,0.9937,30.69,1.5185,81.64
B0005,103,4.0462,0.8225,32.89,1.5152,81.46
B0005,104,3.6019,0.9347,35.69,1.5118,81.28
B0005,105,3.9098,1.2441,36.78,1.5085,81.1
B0005,106,3.6681,1.2046,28.75,1.5051,80.92
B0005,107,3.7587,0.961,30.83,1.5018,80.74
B0005,108,3.8397,0.7545,40.86,1.4984,80.56
B0005,109,3.359,0.6357,36.24,1.4951,80.38
B0005,110,3.8979,1.1872,33.64,1.4917,80.2
B0005,111,3.6564,0.7308,30.93,1.4884,80.02
B0005,112,3.4565,1.2925,29.86,1.485,79.84
B0005,113,3.4117,0.9036,32.71,1.4817,79.66
B0005,114,3.4898,0.7533,31.92,1.4783,79.48
B0005,115,3.7321,0.8479,28.39,1.475,79.3
B0005,116,3.7279,0.5656,23.76,1.4716,79.12
B0005,117,3.4423,0.936,32.4,1.4683,78.94
B0005,118,4.0976,1.2573,30.1,1.4411,77.48
B0005,119,3.6489,0.6992,30.86,1.4374,77.28
B0005,120,3.5676,1.0968,26.86,1.4338,77.09
B0005,121,3.8096,1.4598,30.51,1.4301,76.89
B0005,122,3.7739,1.207,29.09,1.4265,76.69
B0005,123,3.7202,1.0038,31.64,1.4228,76.5
B0005,124,3.4207,1.0074,33.69,1.4192,76.3
B0005,125,4.0875,1.2878,42.02,1.4155,76.1
B0005,126,3.4216,1.2617,32.22,1.4118,75.91
B0005,127,4.2,0.7575,27.15,1.4082,75.71
B0005,128,3.4712,0.5,28.77,1.4045,75.51
B0005,129,3.4229,1.0451,33.16,1.4009,75.31
B0005,130,4.2,1.2851,28.62,1.3972,75.12
B0005,131,3.3803,1.1476,24.95,1.3935,74.92
B0005,132,4.1989,1.3538,29.25,1.3899,74.72
B0005,133,3.1351,1.4062,31.08,1.3862,74.53
B0005,134,4.02,0.5217,28.7,1.3825,74.33
B0005,135,3.6498,1.0141,29.5,1.3788,74.13
B0005,136,3.8347,0.6797,31.09,1.3752,73.93
B0005,137,3.6836,1.1543,35.41,1.3715,73.74
B0005,138,3.3097,0.5398,38.29,1.3678,73.54
B0005,139,3.7464,0.7755,39.71,1.3641,73.34
B0005,140,3.681,1.3538,32.34,1.3605,73.14
B0005,141,4.2,1.5266,30.81,1.3568,72.95
B0005,142,3.937,1.1936,38.94,1.3531,72.75
B0005,143,3.3556,1.2058,37.44,1.3494,72.55
B0005,144,3.1171,0.645,22.0,1.3457,72.35
B0005,145,3.5635,1.2153,39.76,1.3421,72.15
B0005,146,3.6661,1.4886,25.4,1.3384,71.96
B0005,147,3.1325,0.9833,34.27,1.3347,71.76
B0005,148,3.6333,0.5,31.95,1.331,71.56
B0005,149,3.2514,1.2009,34.28,1.3273,71.36
B0005,150,3.3604,0.8458,27.2,1.3236,71.16
B0005,151,3.6231,1.2865,27.62,1.3199,70.96
B0005,152,3.7927,0.8409,28.64,1.3162,70.77
B0005,153,3.609,0.6894,29.88,1.3126,70.57
B0005,154,3.2814,1.5894,32.88,1.3089,70.37
B0005,155,3.4304,1.0642,32.19,1.3052,70.17
B0005,156,3.5737,1.1843,36.59,1.3015,69.97
B0005,157,3.4804,0.8273,31.47,1.2978,69.77
B0005,158,2.9486,0.5454,39.73,1.2941,69.57
B0005,159,4.1322,0.9253,35.83,1.2904,69.38
B0005,160,3.7317,1.9237,38.6,1.2867,69.18
B0005,161,3.5996,0.7133,25.02,1.283,68.98
B0005,162,3.6986,0.7731,25.99,1.2793,68.78
B0005,163,3.4432,0.6755,41.59,1.2756,68.58
B0005,164,3.9013,0.9976,40.6,1.2719,68.38
B0005,165,3.6596,0.7416,40.87,1.2682,68.18
B0005,166,3.7976,0.6888,32.35,1.2645,67.98
B0005,167,3.3729,0.5852,37.98,1.2607,67.78
B0005,168,4.2,0.5804,36.21,1.257,67.58
B0006,1,3.5044,0.8539,22.09,1.8663,99.8
B0006,2,3.44,1.0146,20.95,1.8625,99.6
B0006,3,3.7799,0.9849,23.96,1.8588,99.4
B0006,4,3.4261,0.827,28.98,1.855,99.2
B0006,5,3.8483,0.7067,25.75,1.8513,99.0
B0006,6,3.923,0.5,28.02,1.8476,98.8
B0006,7,3.4984,1.1712,21.53,1.8438,98.6
B0006,8,3.1553,0.5117,25.64,1.8401,98.4
B0006,9,3.7743,0.7287,28.64,1.8363,98.2
B0006,10,3.1975,0.9802,20.0,1.8326,98.0
B0006,11,3.5,1.0142,21.25,1.8289,97.8
B0006,12,3.5798,1.3019,22.72,1.8251,97.6
B0006,13,3.9455,0.6611,28.3,1.8214,97.4
B0006,14,4.1269,0.5,21.72,1.8176,97.2
B0006,15,3.8671,0.9391,27.61,1.8139,97.0
B0006,16,3.5124,1.026,25.02,1.8102,96.8
B0006,17,4.0435,1.0763,27.54,1.8064,96.6
B0006,18,3.5692,0.8537,23.74,1.8027,96.4
B0006,19,3.8107,0.8737,27.4,1.7989,96.2
B0006,20,4.2,1.2613,24.37,1.7952,96.0
B0006,21,4.052,0.8776,20.0,1.7915,95.8
B0006,22,3.3888,0.5,24.34,1.7877,95.6
B0006,23,3.6963,1.5029,27.78,1.784,95.4
B0006,24,3.6247,1.2488,20.0,1.7802,95.2
B0006,25,3.7607,1.2313,20.0,1.7765,95.0
B0006,26,4.0327,1.1015,24.22,1.7728,94.8
B0006,27,3.879,1.6812,27.26,1.769,94.6
B0006,28,3.7633,0.8622,22.15,1.7653,94.4
B0006,29,3.9375,0.7432,26.81,1.7615,94.2
B0006,30,3.5447,1.1437,28.17,1.7578,94.0
B0006,31,3.9989,0.847,25.2,1.7541,93.8
B0006,32,3.3936,0.8667,28.49,1.7503,93.6
B0006,33,3.9139,0.7234,31.0,1.7466,93.4
B0006,34,4.0931,1.124,36.08,1.7428,93.2
B0006,35,3.4539,0.6266,20.0,1.7391,93.0
B0006,36,4.1344,1.1963,26.52,1.7354,92.8
B0006,37,3.7692,0.6624,39.08,1.7316,92.6
B0006,38,3.7236,1.0328,30.53,1.7279,92.4
B0006,39,3.8287,1.0672,23.0,1.7241,92.2
B0006,40,3.8254,1.5646,33.73,1.7204,92.0
B0006,41,4.1616,0.8466,22.1,1.7167,91.8
B0006,42,3.6455,1.0167,32.57,1.7129,91.6
B0006,43,3.1751,1.4589,26.36,1.7092,91.4
B0006,44,3.5543,0.6964,20.0,1.7054,91.2
B0006,45,3.929,1.022,20.8,1.7017,91.0
B0006,46,3.2931,0.8993,35.65,1.698,90.8
B0006,47,3.6033,0.5491,26.12,1.6942,90.6
B0006,48,3.599,0.5,27.13,1.6905,90.4
B0006,49,3.6111,1.2089,36.69,1.6867,90.2
B0006,50,4.018,0.9193,21.97,1.683,90.0
B0006,51,4.2,1.0178,27.62,1.6793,89.8
B0006,52,3.672,1.0594,26.88,1.6755,89.6
B0006,53,3.5067,0.8359,27.49,1.6718,89.4
B0006,54,3.5154,0.7861,28.23,1.668,89.2
B0006,55,3.6015,1.4512,20.0,1.6643,89.0
B0006,56,4.0051,1.3738,20.0,1.6606,88.8
B0006,57,3.5744,0.8886,20.81,1.6568,88.6
B0006,58,3.4435,0.6668,36.66,1.6531,88.4
B0006,59,3.9571,1.3815,31.56,1.6493,88.2
B0006,60,3.3373,0.8426,30.45,1.6456,88.0
B0006,61,3.309,1.2139,26.85,1.6419,87.8
B0006,62,3.5628,1.2133,30.32,1.6381,87.6
B0006,63,3.5665,1.3478,22.74,1.6344,87.4
B0006,64,3.8592,1.1779,26.65,1.6306,87.2
B0006,65,3.7718,0.6247,32.87,1.6269,87.0
B0006,66,3.6181,0.8432,33.55,1.6232,86.8
B0006,67,3.4619,0.5775,20.57,1.6194,86.6
B0006,68,3.8546,0.6159,37.17,1.6157,86.4
B0006,69,3.0478,1.5089,29.51,1.6119,86.2
B0006,70,3.643,0.8365,30.5,1.6082,86.0
B0006,71,3.6603,1.331,29.12,1.6045,85.8
B0006,72,3.7163,0.8909,28.32,1.6007,85.6
B0006,73,3.7631,0.5,21.91,1.597,85.4
B0006,74,3.8934,1.0513,27.78,1.5932,85.2
B0006,75,3.6755,1.1043,26.05,1.5895,85.0
B0006,76,3.4361,1.0588,23.91,1.5858,84.8
B0006,77,3.7917,0.5,34.0,1.582,84.6
B0006,78,3.8106,1.0768,33.81,1.5783,84.4
B0006,79,4.168,1.3043,20.0,1.5745,84.2
B0006,80,3.2841,0.8126,29.13,1.5708,84.0
B0006,81,3.8229,0.7823,29.98,1.5671,83.8
B0006,82,3.4406,0.8165,22.07,1.5633,83.6
B0006,83,3.3898,0.5945,24.27,1.5596,83.4
B0006,84,3.9825,0.7152,42.36,1.5558,83.2
B0006,85,3.814,1.0555,24.96,1.5521,83.0
B0006,86,3.8757,0.8273,29.91,1.5484,82.8
B0006,87,4.2,0.9712,35.1,1.5446,82.6
B0006,88,3.4538,0.9895,38.25,1.5409,82.4
B0006,89,3.4763,1.5437,32.99,1.5371,82.2
B0006,90,3.4953,1.1897,34.36,1.5334,82.0
B0006,91,3.8501,0.5289,25.91,1.5297,81.8
B0006,92,3.5889,0.9777,32.7,1.5259,81.6
B0006,93,3.7161,0.5994,31.55,1.5222,81.4
B0006,94,3.8456,1.1679,35.1,1.5184,81.2
B0006,95,3.9122,1.1378,29.4,1.5147,81.0
B0006,96,3.1633,1.1289,30.84,1.511,80.8
B0006,97,3.7427,0.617,24.44,1.5072,80.6
B0006,98,3.9767,0.9881,33.31,1.5035,80.4
B0006,99,3.6689,1.0089,34.64,1.4997,80.2
B0006,100,3.5052,1.0288,27.69,1.496,80.0
B0006,101,3.5293,0.9072,31.16,1.4923,79.8
B0006,102,3.5156,1.3767,25.63,1.4885,79.6
B0006,103,3.6027,0.8681,37.38,1.4848,79.4
B0006,104,3.7174,1.3096,22.77,1.481,79.2
B0006,105,3.7381,1.2669,30.66,1.4773,79.0
B0006,106,3.9772,0.8448,37.35,1.4736,78.8
B0006,107,4.2,0.8911,28.12,1.4698,78.6
B0006,108,4.0928,1.4739,27.79,1.4661,78.4
B0006,109,3.5303,0.9155,23.73,1.4623,78.2
B0006,110,3.3804,0.6988,26.66,1.4586,78.0
B0006,111,3.6452,1.0703,38.3,1.4549,77.8
B0006,112,3.3557,1.2953,29.53,1.4511,77.6
B0006,113,3.64,1.2024,25.04,1.4474,77.4
B0006,114,3.7691,1.0499,33.16,1.4436,77.2
B0006,115,3.7408,1.7366,27.56,1.4399,77.0
B0006,116,3.4943,0.8131,28.02,1.4362,76.8
B0006,117,3.462,1.3567,37.95,1.4324,76.6
B0006,118,3.479,0.7503,33.26,1.4047,75.12
B0006,119,3.4841,1.1899,31.96,1.4007,74.9
B0006,120,3.1946,1.4643,39.98,1.3966,74.69
B0006,121,3.4651,0.8837,32.48,1.3926,74.47
B0006,122,3.7488,1.1976,41.15,1.3885,74.25
B0006,123,3.595,0.7605,24.25,1.3845,74.04
B0006,124,3.4284,0.9901,40.17,1.3804,73.82
B0006,125,3.4919,1.0671,31.17,1.3764,73.6
B0006,126,4.0033,1.7581,28.65,1.3723,73.39
B0006,127,3.4995,1.3132,34.76,1.3683,73.17
B0006,128,4.1999,1.1752,29.6,1.3642,72.95
B0006,129,3.8227,1.3326,35.55,1.3601,72.73
B0006,130,3.7972,1.32,37.35,1.3561,72.52
B0006,131,4.0592,1.1946,30.71,1.352,72.3
B0006,132,3.6882,1.362,27.52,1.348,72.08
B0006,133,3.7543,0.882,31.79,1.3439,71.87
B0006,134,4.0268,1.0573,31.93,1.3398,71.65
B0006,135,3.2349,1.2239,34.98,1.3358,71.43
B0006,136,4.2,0.9077,32.9,1.3317,71.21
B0006,137,3.7168,1.4732,31.37,1.3276,71.0
B0006,138,3.7253,1.1824,32.83,1.3236,70.78
B0006,139,3.5072,1.0582,37.32,1.3195,70.56
B0006,140,3.3327,1.0399,28.5,1.3154,70.34
B0006,141,3.9988,0.543,29.26,1.3114,70.13
B0006,142,3.753,1.4697,31.77,1.3073,69.91
B0006,143,3.4728,1.5643,24.91,1.3032,69.69
B0006,144,2.9793,1.132,29.69,1.2991,69.47
B0006,145,3.3321,1.2125,33.47,1.295,69.25
B0006,146,3.4688,0.6159,36.66,1.291,69.04
B0006,147,3.8327,0.9702,41.58,1.2869,68.82
B0006,148,3.3162,0.5423,28.94,1.2828,68.6
B0006,149,3.6231,1.073,31.24,1.2787,68.38
B0006,150,3.7419,0.6245,39.72,1.2746,68.16
B0006,151,3.6112,1.3352,34.26,1.2706,67.94
B0006,152,3.7725,1.1709,34.84,1.2665,67.73
B0006,153,3.8278,1.3987,33.63,1.2624,67.51
B0006,154,3.8473,0.9731,39.9,1.2583,67.29
B0006,155,3.4312,1.5403,32.55,1.2542,67.07
B0006,156,3.2045,1.0384,29.39,1.2501,66.85
B0006,157,3.8855,0.8042,30.62,1.246,66.63
B0006,158,3.066,0.8643,20.78,1.2419,66.41
B0006,159,3.1572,1.2281,36.88,1.2378,66.2
B0006,160,3.7596,0.7099,32.76,1.2338,65.98
B0006,161,3.6304,0.6525,40.57,1.2297,65.76
B0006,162,3.8943,0.9337,33.23,1.2256,65.54
B0006,163,3.6932,0.5,31.91,1.2215,65.32
B0006,164,3.4256,0.6995,31.79,1.2174,65.1
B0006,165,4.1691,1.1923,30.39,1.2133,64.88
B0006,166,3.8011,1.4198,37.92,1.2092,64.66
B0006,167,3.6468,0.8059,36.84,1.2051,64.44
B0006,168,3.7465,1.2686,36.58,1.201,64.22
B0007,1,4.0144,0.8394,31.64,1.8459,99.78
B0007,2,3.7584,1.6226,21.65,1.8419,99.56
B0007,3,4.2,1.0594,21.89,1.8378,99.34
B0007,4,3.5531,0.9039,27.32,1.8337,99.12
B0007,5,3.8547,0.8279,25.13,1.8296,98.9
B0007,6,4.2,1.5183,27.48,1.8256,98.68
B0007,7,3.7083,1.036,28.42,1.8215,98.46
B0007,8,3.3896,0.9228,20.0,1.8174,98.24
B0007,9,3.8158,1.1942,23.03,1.8134,98.02
B0007,10,4.1678,0.6323,20.0,1.8093,97.8
B0007,11,3.7625,1.3141,33.97,1.8052,97.58
B0007,12,3.5571,1.3236,25.41,1.8012,97.36
B0007,13,3.6425,1.2651,28.91,1.7971,97.14
B0007,14,3.2209,1.443,32.6,1.793,96.92
B0007,15,3.5057,1.1187,28.22,1.789,96.7
B0007,16,3.7712,0.8349,22.44,1.7849,96.48
B0007,17,3.6849,1.3518,28.57,1.7808,96.26
B0007,18,3.5809,1.2315,20.0,1.7767,96.04
B0007,19,4.0363,0.5,24.14,1.7727,95.82
B0007,20,3.3553,0.6116,31.8,1.7686,95.6
B0007,21,3.5504,1.104,25.82,1.7645,95.38
B0007,22,3.8334,1.023,20.0,1.7605,95.16
B0007,23,3.9888,0.8519,20.0,1.7564,94.94
B0007,24,3.561,1.4502,30.45,1.7523,94.72
B0007,25,3.5844,0.8952,24.64,1.7483,94.5
B0007,26,4.2,1.1146,28.45,1.7442,94.28
B0007,27,3.9972,1.0716,25.05,1.7401,94.06
B0007,28,3.6288,0.9785,26.21,1.736,93.84
B0007,29,3.9055,1.0156,30.11,1.732,93.62
B0007,30,3.6626,1.0236,20.0,1.7279,93.4
B0007,31,3.9613,1.1039,31.54,1.7238,93.18
B0007,32,2.817,1.6265,25.9,1.7198,92.96
B0007,33,4.0179,0.688,29.71,1.7157,92.74
B0007,34,3.369,0.8129,36.27,1.7116,92.52
B0007,35,3.6274,1.0652,31.1,1.7076,92.3
B0007,36,3.8329,1.0451,28.62,1.7035,92.08
B0007,37,4.2,0.9827,27.86,1.6994,91.86
B0007,38,3.9985,1.3317,32.84,1.6953,91.64
B0007,39,3.8745,0.6571,35.12,1.6913,91.42
B0007,40,3.3385,1.0908,23.23,1.6872,91.2
B0007,41,3.6627,1.0986,28.66,1.6831,90.98
B0007,42,3.8081,1.4841,29.37,1.6791,90.76
B0007,43,3.6078,1.2892,33.1,1.675,90.54
B0007,44,3.3124,1.1792,30.71,1.6709,90.32
B0007,45,3.5909,1.4127,26.5,1.6669,90.1
B0007,46,3.7174,0.9481,27.38,1.6628,89.88
B0007,47,3.3504,0.568,35.32,1.6587,89.66
B0007,48,3.4248,0.7026,20.0,1.6546,89.44
B0007,49,3.4868,0.6031,35.66,1.6506,89.22
B0007,50,3.9809,0.7936,38.76,1.6465,89.0
B0007,51,3.9721,0.9026,20.0,1.6424,88.78
B0007,52,4.2,0.5831,20.0,1.6384,88.56
B0007,53,3.9835,1.7319,34.57,1.6343,88.34
B0007,54,3.8454,1.1784,31.97,1.6302,88.12
B0007,55,3.9035,1.0844,28.27,1.6261,87.9
B0007,56,3.6566,0.7738,26.4,1.6221,87.68
B0007,57,3.167,0.9705,22.91,1.618,87.46
B0007,58,3.3434,1.054,34.86,1.6139,87.24
B0007,59,3.9495,0.5288,23.0,1.6099,87.02
B0007,60,3.9558,0.7053,26.88,1.6058,86.8
B0007,61,3.8382,0.7095,28.58,1.6017,86.58
B0007,62,3.2725,0.8196,29.7,1.5977,86.36
B0007,63,3.1944,1.1321,28.05,1.5936,86.14
B0007,64,3.8376,1.0672,35.02,1.5895,85.92
B0007,65,3.709,0.8712,28.86,1.5855,85.7
B0007,66,3.8339,1.0147,28.5,1.5814,85.48
B0007,67,3.4599,0.8011,21.34,1.5773,85.26
B0007,68,4.195,0.6268,24.94,1.5732,85.04
B0007,69,3.4541,1.2685,26.98,1.5692,84.82
B0007,70,4.0435,0.798,29.89,1.5651,84.6
B0007,71,3.4182,1.6435,22.61,1.561,84.38
B0007,72,3.7613,1.1901,30.67,1.557,84.16
B0007,73,3.6123,0.9611,28.87,1.5529,83.94
B0007,74,3.6233,1.2892,39.75,1.5488,83.72
B0007,75,3.4998,0.5891,28.31,1.5448,83.5
B0007,76,4.2,0.7589,37.0,1.5407,83.28
B0007,77,4.1694,0.8339,31.69,1.5366,83.06
B0007,78,4.1542,0.8863,27.88,1.5325,82.84
B0007,79,3.4907,0.6956,25.7,1.5285,82.62
B0007,80,3.2976,1.0102,25.15,1.5244,82.4
B0007,81,3.7345,0.5332,30.7,1.5203,82.18
B0007,82,3.914,0.5,30.97,1.5163,81.96
B0007,83,4.0318,0.6371,37.51,1.5122,81.74
B0007,84,3.7887,0.7885,28.92,1.5081,81.52
B0007,85,3.8301,1.0228,31.94,1.504,81.3
B0007,86,3.386,1.0508,22.23,1.5,81.08
B0007,87,3.6284,0.7288,25.67,1.4959,80.86
B0007,88,4.0321,1.3274,32.45,1.4918,80.64
B0007,89,3.3331,0.9051,35.52,1.4878,80.42
B0007,90,3.7029,1.6958,31.47,1.4837,80.2
B0007,91,3.7176,0.9073,30.22,1.4796,79.98
B0007,92,3.6138,1.2124,34.38,1.4756,79.76
B0007,93,3.4233,0.6006,20.47,1.4715,79.54
B0007,94,3.811,0.669,20.0,1.4674,79.32
B0007,95,3.7748,1.7479,29.72,1.4633,79.1
B0007,96,3.9093,1.0245,29.31,1.4593,78.88
B0007,97,3.933,0.9129,31.19,1.4552,78.66
B0007,98,3.7534,0.7996,34.86,1.4511,78.44
B0007,99,3.604,0.7733,32.63,1.4471,78.22
B0007,100,3.3865,1.0085,29.95,1.443,78.0
B0007,101,3.9813,1.1424,29.92,1.4389,77.78
B0007,102,3.9004,1.4171,32.89,1.4349,77.56
B0007,103,3.6578,0.6064,24.82,1.4308,77.34
B0007,104,3.5627,0.8171,29.27,1.4267,77.12
B0007,105,3.6708,1.1589,29.9,1.4227,76.9
B0007,106,3.7993,1.0193,20.42,1.4186,76.68
B0007,107,3.3711,0.9568,24.3,1.4145,76.46
B0007,108,3.8325,1.4592,36.49,1.4104,76.24
B0007,109,3.588,1.4472,31.19,1.4064,76.02
B0007,110,3.5505,0.816,28.99,1.4023,75.8
B0007,111,3.5347,1.0511,31.35,1.3982,75.58
B0007,112,3.6516,1.1311,36.55,1.3942,75.36
B0007,113,3.9351,0.5545,20.0,1.3901,75.14
B0007,114,3.9301,0.5899,29.58,1.386,74.92
B0007,115,3.2984,0.5,33.46,1.382,74.7
B0007,116,3.8767,0.827,20.0,1.3779,74.48
B0007,117,3.4846,1.1175,23.46,1.3738,74.26
B0007,118,3.7005,0.9954,33.8,1.346,72.76
B0007,119,3.6809,0.7081,36.93,1.3417,72.52
B0007,120,3.597,0.9918,26.33,1.3373,72.29
B0007,121,3.5111,0.7346,30.19,1.3329,72.05
B0007,122,4.1571,0.5884,23.03,1.3285,71.81
B0007,123,4.0845,0.9372,27.8,1.3242,71.58
B0007,124,3.9546,0.8183,40.33,1.3198,71.34
B0007,125,3.8456,0.8536,42.04,1.3154,71.1
B0007,126,3.46,1.2226,32.8,1.311,70.87
B0007,127,4.0318,1.4685,31.51,1.3066,70.63
B0007,128,3.4148,1.138,28.01,1.3022,70.39
B0007,129,4.2,1.041,29.62,1.2979,70.15
B0007,130,3.6952,0.5959,26.64,1.2935,69.92
B0007,131,3.9995,0.8029,26.32,1.2891,69.68
B0007,132,3.7999,1.3557,35.19,1.2847,69.44
B0007,133,3.9372,0.773,24.54,1.2803,69.21
B0007,134,4.0883,0.9032,30.45,1.2759,68.97
B0007,135,4.0359,1.1669,34.03,1.2715,68.73
B0007,136,4.2,0.8069,36.44,1.2671,68.49
B0007,137,3.6536,1.0806,39.49,1.2627,68.26
B0007,138,3.7884,1.1615,37.26,1.2583,68.02
B0007,139,3.5261,0.7482,26.73,1.254,67.78
B0007,140,3.0452,1.6169,26.48,1.2496,67.54
B0007,141,3.5682,0.917,33.59,1.2452,67.31
B0007,142,3.8789,1.2581,29.18,1.2408,67.07
B0007,143,3.5835,1.0848,30.91,1.2364,66.83
B0007,144,4.1154,1.1473,35.87,1.232,66.59
B0007,145,3.8316,1.352,33.16,1.2275,66.35
B0007,146,3.2432,1.1199,29.04,1.2231,66.12
B0007,147,3.4732,1.1759,38.54,1.2187,65.88
B0007,148,3.6377,1.0926,40.91,1.2143,65.64
B0007,149,3.703,1.7805,35.28,1.2099,65.4
B0007,150,3.1021,1.226,34.41,1.2055,65.16
B0007,151,4.0168,1.202,31.86,1.2011,64.92
B0007,152,3.2621,0.9373,28.35,1.1967,64.69
B0007,153,3.4547,1.1766,41.0,1.1923,64.45
B0007,154,3.7468,0.6412,34.92,1.1879,64.21
B0007,155,3.9869,0.8171,32.08,1.1834,63.97
B0007,156,3.6319,0.7645,36.04,1.179,63.73
B0007,157,3.5907,1.1259,28.41,1.1746,63.49
B0007,158,3.4953,1.2167,31.04,1.1702,63.25
B0007,159,4.1441,0.8801,34.07,1.1658,63.02
B0007,160,3.9053,0.5745,24.2,1.1614,62.78
B0007,161,3.1674,1.3788,30.29,1.1569,62.54
B0007,162,4.2,0.8307,34.02,1.1525,62.3
B0007,163,4.0868,1.6018,43.46,1.1481,62.06
B0007,164,3.9861,1.3072,36.16,1.1437,61.82
B0007,165,3.8567,0.8346,29.16,1.1392,61.58
B0007,166,3.6217,0.9489,31.03,1.1348,61.34
B0007,167,3.8311,1.2866,33.79,1.1304,61.1
B0007,168,4.065,0.6575,32.43,1.126,60.86
B0018,1,3.4846,0.5,24.64,1.8465,99.81
B0018,2,3.6627,1.454,28.25,1.843,99.62
B0018,3,3.3916,1.5562,31.26,1.8395,99.43
B0018,4,3.8731,0.9321,20.4,1.8359,99.24
B0018,5,3.5864,1.3266,34.67,1.8324,99.05
B0018,6,4.1607,0.8533,20.0,1.8289,98.86
B0018,7,3.7396,0.5,26.97,1.8254,98.67
B0018,8,3.6527,0.8602,20.0,1.8219,98.48
B0018,9,3.8507,0.8402,20.0,1.8184,98.29
B0018,10,2.8345,0.9917,34.36,1.8149,98.1
B0018,11,4.1942,0.8629,22.54,1.8113,97.91
B0018,12,3.8361,0.7005,27.11,1.8078,97.72
B0018,13,3.9249,1.3681,25.15,1.8043,97.53
B0018,14,3.6336,0.7366,21.57,1.8008,97.34
B0018,15,3.6264,1.1102,30.32,1.7973,97.15
B0018,16,3.453,1.4478,24.44,1.7938,96.96
B0018,17,3.6871,0.7758,20.0,1.7902,96.77
B0018,18,3.9584,1.2211,24.49,1.7867,96.58
B0018,19,3.7129,1.1548,20.0,1.7832,96.39
B0018,20,3.5337,1.2383,20.0,1.7797,96.2
B0018,21,3.7801,0.593,28.38,1.7762,96.01
B0018,22,3.6809,0.5155,31.92,1.7727,95.82
B0018,23,3.4709,0.7569,27.15,1.7692,95.63
B0018,24,4.0355,0.6953,26.51,1.7656,95.44
B0018,25,3.8191,1.2079,27.13,1.7621,95.25
B0018,26,3.58,0.7517,26.73,1.7586,95.06
B0018,27,3.3681,0.5,28.53,1.7551,94.87
B0018,28,3.9605,0.5,21.35,1.7516,94.68
B0018,29,3.8747,1.6172,26.55,1.7481,94.49
B0018,30,3.4702,0.9451,33.37,1.7446,94.3
B0018,31,3.4944,0.7602,24.14,1.741,94.11
B0018,32,3.4018,1.0368,34.72,1.7375,93.92
B0018,33,3.7844,0.9243,25.19,1.734,93.73
B0018,34,3.2181,1.2649,26.31,1.7305,93.54
B0018,35,3.6326,1.9579,28.24,1.727,93.35
B0018,36,3.4608,0.8721,32.54,1.7235,93.16
B0018,37,3.7199,0.5685,31.45,1.7199,92.97
B0018,38,3.4851,1.562,32.3,1.7164,92.78
B0018,39,3.551,1.3843,27.29,1.7129,92.59
B0018,40,3.9406,1.1454,22.77,1.7094,92.4
B0018,41,3.4914,1.309,25.38,1.7059,92.21
B0018,42,3.5629,0.7135,29.22,1.7024,92.02
B0018,43,4.2,0.6797,27.27,1.6989,91.83
B0018,44,4.1069,0.9761,29.46,1.6953,91.64
B0018,45,3.3642,1.1285,26.31,1.6918,91.45
B0018,46,3.9782,1.3562,40.25,1.6883,91.26
B0018,47,3.856,1.0977,28.32,1.6848,91.07
B0018,48,3.5758,1.1015,25.92,1.6813,90.88
B0018,49,3.7319,1.3953,22.42,1.6778,90.69
B0018,50,4.023,1.3951,26.91,1.6743,90.5
B0018,51,3.0441,0.8177,34.03,1.6707,90.31
B0018,52,3.6734,0.7002,25.08,1.6672,90.12
B0018,53,3.932,1.164,26.46,1.6637,89.93
B0018,54,3.5694,0.8825,23.09,1.6602,89.74
B0018,55,4.1637,0.9033,33.84,1.6567,89.55
B0018,56,4.1351,1.2995,25.64,1.6532,89.36
B0018,57,3.7995,0.9927,23.33,1.6496,89.17
B0018,58,3.7753,0.6463,33.84,1.6461,88.98
B0018,59,3.5382,1.0603,29.37,1.6426,88.79
B0018,60,3.5995,1.176,25.63,1.6391,88.6
B0018,61,3.9382,0.5962,28.68,1.6356,88.41
B0018,62,4.2,0.6999,24.71,1.6321,88.22
B0018,63,3.8302,1.0539,29.9,1.6286,88.03
B0018,64,3.8224,1.1904,33.75,1.625,87.84
B0018,65,3.7982,0.9276,31.61,1.6215,87.65
B0018,66,4.2,0.9602,23.43,1.618,87.46
B0018,67,4.0067,0.9639,20.0,1.6145,87.27
B0018,68,3.9284,0.8394,27.95,1.611,87.08
B0018,69,3.7734,1.0571,32.0,1.6075,86.89
B0018,70,3.5428,1.1539,27.2,1.6039,86.7
B0018,71,3.8947,1.1846,23.87,1.6004,86.51
B0018,72,3.9984,0.8392,32.64,1.5969,86.32
B0018,73,3.7824,1.5515,27.53,1.5934,86.13
B0018,74,3.5671,0.9942,27.18,1.5899,85.94
B0018,75,3.9115,0.5151,23.48,1.5864,85.75
B0018,76,3.3508,1.2851,37.35,1.5829,85.56
B0018,77,3.6394,0.9494,29.2,1.5793,85.37
B0018,78,4.0189,0.7218,30.09,1.5758,85.18
B0018,79,3.9625,1.1503,29.9,1.5723,84.99
B0018,80,3.9699,0.5,32.39,1.5688,84.8
B0018,81,3.473,0.5,31.61,1.5653,84.61
B0018,82,4.0809,0.9588,33.86,1.5618,84.42
B0018,83,4.1521,1.3945,37.35,1.5583,84.23
B0018,84,3.8907,1.0226,21.19,1.5547,84.04
B0018,85,3.5939,0.747,40.1,1.5512,83.85
B0018,86,3.6146,1.037,32.06,1.5477,83.66
B0018,87,3.68,1.5085,26.24,1.5442,83.47
B0018,88,3.7249,0.7773,22.8,1.5407,83.28
B0018,89,3.4826,0.9889,27.3,1.5372,83.09
B0018,90,3.4581,0.5781,29.08,1.5336,82.9
B0018,91,3.214,1.228,29.96,1.5301,82.71
B0018,92,3.2278,0.9072,25.84,1.5266,82.52
B0018,93,3.7586,1.4021,20.27,1.5065,81.43
B0018,94,3.697,0.952,33.06,1.5027,81.23
B0018,95,3.726,0.7744,28.15,1.4989,81.02
B0018,96,3.4228,1.3228,29.91,1.4952,80.82
B0018,97,4.2,0.9818,26.31,1.4914,80.61
B0018,98,3.2067,0.5,21.98,1.4876,80.41
B0018,99,3.7405,1.1526,22.04,1.4838,80.2
B0018,100,3.9285,0.8551,30.73,1.48,80.0
B0018,101,4.1433,1.2691,28.71,1.4762,79.79
B0018,102,3.3918,0.5,26.5,1.4724,79.59
B0018,103,3.5954,0.7038,29.49,1.4686,79.38
B0018,104,3.6814,0.9325,26.95,1.4648,79.18
B0018,105,3.7085,1.1326,24.8,1.461,78.97
B0018,106,4.0808,0.9704,30.39,1.4572,78.77
B0018,107,3.8696,1.07,35.12,1.4534,78.56
B0018,108,3.7429,0.8163,32.21,1.4496,78.36
B0018,109,3.3132,1.0326,30.28,1.4458,78.15
B0018,110,3.5935,0.9614,21.09,1.442,77.95
B0018,111,3.4909,1.0279,31.35,1.4382,77.74
B0018,112,3.3468,1.3797,26.27,1.4344,77.53
B0018,113,3.9455,1.1282,27.42,1.4306,77.33
B0018,114,4.1868,0.6419,35.3,1.4268,77.12
B0018,115,3.954,0.7988,37.71,1.423,76.92
B0018,116,3.5784,1.0866,32.1,1.4191,76.71
B0018,117,3.6127,1.2432,34.82,1.4153,76.5
B0018,118,3.128,1.3913,22.59,1.4115,76.3
B0018,119,3.9619,1.338,25.5,1.4077,76.09
B0018,120,3.5285,0.6683,29.93,1.4039,75.89
B0018,121,3.5589,1.2339,37.6,1.4001,75.68
B0018,122,4.0697,0.8313,30.05,1.3962,75.47
B0018,123,3.1455,0.7582,35.97,1.3924,75.27
B0018,124,4.1348,0.6297,28.24,1.3886,75.06
B0018,125,3.6418,1.084,27.2,1.3848,74.85
B0018,126,3.7765,0.8578,31.23,1.3809,74.65
B0018,127,3.8128,1.0019,29.17,1.3771,74.44
B0018,128,3.6156,0.9735,29.55,1.3733,74.23
B0018,129,3.5704,1.4796,34.25,1.3695,74.02
B0018,130,3.559,1.2091,29.83,1.3656,73.82
B0018,131,3.9992,1.1109,31.01,1.3618,73.61
B0018,132,3.7811,0.5287,25.97,1.358,73.4
